"name";"Mannit";"Sorbit";"Xylit";"Summe Zuckeralkohole";"Glucose (Traubenzucker)";"Fructose (Fruchtzucker)";"Galactose (Schleimzucker)";"Monosaccharide (1 M)";"Saccharose (Rübenzucker)";"Maltose (Malzzucker)";"Lactose (Milchzucker)";"Disaccharide (2 M)";"Oligosaccharide, resorbierbar (3-9 M)";"Oligosaccharide, nicht resorbierbar";"Glykogen (tierische Stärke)";"Stärke";"Polysaccharide (> 9 M)"
"Hühnerei Vollei frisch";0;0;0;0;700;0;0;700;0;0;0;0;0;0;0;0;0
"Gnocchi gekocht";454;155;0;315;0;0;78;0;470;10;68;30896;376;0;30896;0;0
"Kopfsalat mit Essigmarinade (Zubereitung Haushalt)";354;415;0;343;0;0;0;0;758;0;0;16;354;0;16;0;0
"Salami Kroatische Art";12;106;0;127;0;0;0;0;236;0;0;12;12;0;12;0;0
"Suppenhuhn Fleisch (mittelfett) frisch";0;0;0;0;0;0;0;0;0;0;0;0;0;0;0;0;0
"Lyoner Wurst";36;87;0;109;0;0;0;0;196;0;0;41;36;0;41;0;0
"Marzipan Rohmasse";37335;0;0;0;0;0;0;0;0;14;0;0;37335;0;0;0;0
"Weintraube weiß frisch";437;7628;0;7332;0;0;0;0;14960;0;0;0;437;203;0;203;0
"Kleber (Gluten)";28;7;0;7;0;0;0;0;14;0;28;6930;28;0;6930;0;0
"Rhabarber frisch";335;386;0;408;0;0;0;0;794;0;0;231;335;0;231;0;0
"Papaya";2135;2448;0;2517;0;0;0;0;4965;0;0;0;2135;0;0;0;0
"Tomatensoße mit Tomatenmark (Zubereitung Gastronomie)";1099;3477;0;3159;48;52;0;16;6636;1;189;1760;1047;0;1712;16;0
"Geflügel Döner";496;111;12;147;0;61;6;0;270;13;113;21013;429;0;21013;0;0
"Walnüsse geröstet";6268;0;0;0;0;0;0;0;0;0;0;3376;6268;0;3376;0;0
"Gouda mind. 45% Fett i. Tr.";0;0;0;0;0;0;0;0;0;0;0;0;0;0;0;0;0
"Haferflockenbrei (Zubereitung Haushalt)";9741;0;0;61;0;3608;6;0;61;2;59;5780;6127;0;5780;0;0
"Kefir entrahmt";4158;0;0;0;0;4158;0;0;0;0;0;0;0;0;0;0;0
"Lachsschinkenpastete";434;0;0;0;0;0;0;0;0;0;0;108;434;0;108;0;0
"Mais-Fladenbrot";820;45;0;45;0;0;0;0;90;0;182;44441;820;0;44441;0;0
"Roggen Vollkorn";896;60;0;60;0;0;0;0;120;0;597;58087;896;0;58087;0;0
"Schwein Schinken gekocht geräuchert";1072;0;0;0;0;0;0;0;0;0;0;0;1072;0;0;0;0
"Blattspinat tiefgefroren";219;110;0;136;0;0;0;0;246;0;0;83;219;0;83;0;0
"Weißkohl (Weißkraut) gegart";242;1358;0;1359;0;0;0;0;2717;0;0;60;242;0;60;0;0
"Maiskeimöl";0;0;0;0;0;0;0;0;0;0;0;0;0;0;0;0;0
"Brathähnchen Brustfilet roh";0;0;0;0;0;0;0;0;0;0;0;0;0;0;0;0;0
"Schweineschmalz, -fett";0;0;0;0;0;0;0;0;0;0;0;0;0;0;0;0;0
"Plockwurst einfach";9;85;0;105;164;0;0;0;190;0;0;175;9;0;11;0;0
"Hirse ganzes Korn roh";1280;0;0;0;0;0;0;0;0;330;640;62080;1280;0;62080;0;0
"Butterschmalz";0;0;0;0;0;0;0;0;0;0;0;0;0;0;0;0;0
"Frikadelle (Zubereitung Gastronomie)";187;195;0;401;53;0;1;0;596;2;170;2653;186;0;2600;0;0
"Kalb Leber roh";0;0;0;0;4100;0;0;0;0;0;0;4100;0;0;0;0;0
"Stockwurst";20;92;0;111;211;0;0;0;203;0;0;264;20;0;53;0;0
"Bier";209;6;3;19;0;0;209;3;34;0;2699;172;0;3;0;6;0
"Camembert Doppelrahmstufe";0;0;0;0;0;0;0;0;0;0;0;0;0;0;0;0;0
"Schwein Filet (mager) frisch gegart";0;0;0;0;0;0;0;0;0;0;0;0;0;0;0;0;0
"Schnittkäse";0;0;0;0;0;0;0;0;0;0;0;0;0;0;0;0;0
"Debreziner Konserve";12;99;0;118;60;0;0;0;217;0;0;71;12;0;11;0;0
"Zucchini gedünstet mit Knoblauch (Zubereitung Haushalt)";496;956;0;885;0;12;0;10;1842;0;93;339;484;0;339;17;7
"Eier gekocht, gesalzen (Zubereitung Haushalt)";0;0;0;698;0;0;0;0;698;0;0;0;0;0;0;0;0
"Rind Leber roh";0;0;0;0;5300;0;0;0;0;0;0;5300;0;0;0;0;0
"Krabbe klein (Shrimps) gegart";0;0;0;0;775;0;0;0;0;0;0;775;0;0;0;0;0
"Wildreis gekocht";27;27;0;27;0;0;0;0;54;0;0;26806;27;0;26806;0;0
"Sülzwurst hervorhebend";131;84;0;102;49;0;0;0;186;0;0;60;131;0;11;0;0
"Geflügelbratwurst";34;133;0;149;0;0;0;0;282;0;0;10;34;0;10;0;0
"Weißer Preßkopf";25;121;0;135;33;0;0;0;256;0;0;842;25;0;809;0;0
"Rind Hackfleisch frisch";0;0;0;0;457;0;0;0;0;0;0;457;0;0;0;0;0
"Sülzkotelett";728;11;0;19;190;0;0;0;30;0;0;190;728;0;0;0;0
"Gänseleberkäse getrüffelt";22;97;0;110;2462;0;0;0;207;0;0;2471;22;0;9;0;0
"Pommes frites mit Ketchup";426;1780;0;1609;0;0;0;0;3389;0;0;14209;426;0;14209;0;0
"Mango tiefgefroren";9563;2845;0;668;0;0;0;0;3513;0;0;281;9563;0;281;0;0
"Zwiebeln gebraten (zubereitet ohne Fett)";1625;1157;0;1414;0;0;0;0;2571;0;965;0;1625;0;0;0;0
"Schnittkäse Vollfettstufe";0;0;0;0;0;0;0;0;0;0;0;0;0;0;0;0;0
"Zucker braun Rohzucker";96426;487;0;487;0;0;0;0;974;0;0;0;96426;0;0;0;0
"Schinkenwurst Krakauer Art roh";11;72;0;88;0;0;0;0;162;0;0;25;11;0;25;0;0
"Quark mit Kräutern Fettstufe";9874;729;0;871;0;1963;0;0;1600;3;0;343;7911;0;343;0;0
"Pastete im Brotteig";152;4;0;5;0;0;20;0;9;1;1;427;132;0;427;0;0
"Schwein Leber gegart";0;0;0;0;1106;0;0;0;0;0;0;1106;0;0;0;0;0
"Lauchzwiebel roh";1700;1870;0;2975;0;0;0;0;4845;0;1955;0;1700;0;0;0;0
"Kartoffelpüree (Zubereitung Gastronomie)";1377;105;0;158;0;1158;0;0;263;0;0;10032;219;0;10032;0;0
"Aprikose Konfitüre";22920;13460;0;17360;0;0;4600;0;30820;25;0;0;18320;270;0;270;0
"Klarer";0;0;0;0;0;0;0;0;0;0;0;0;0;0;0;0;0
"Gerste Perlgraupen";1916;142;0;142;0;0;710;0;284;0;355;68405;1206;0;68405;0;0
"Lakritze";55557;1192;0;1192;0;0;0;0;2384;42;114;28105;55557;0;28105;0;0
"Westfälische grobe Mettwurst";6;65;0;79;0;0;0;0;144;0;0;7;6;0;7;0;0
"Helle Zungenwurst Konserve";262;93;0;110;112;0;0;0;203;0;0;210;262;0;98;0;0
"Schalotte roh";660;726;0;1155;0;0;0;0;1881;0;759;0;660;0;0;0;0
"Cornflakes mit Zucker, Honig geröstet";2737;6292;0;4838;0;0;359;0;11130;0;151;65252;2378;0;65252;0;0
"Haferdrink";2100;100;0;1900;0;0;1900;0;2000;28;600;0;200;0;2000;0;0
"Spargel weiß gegart";239;909;0;446;0;0;0;0;1355;0;0;0;239;0;0;0;0
"Sojaerzeugnisse";398;0;0;0;0;0;0;0;0;9039;0;4;398;0;4;0;0
"Marmorkuchen aus Rührmasse";22896;20;0;174;0;448;0;0;194;23;78;19726;22448;0;19726;0;0
"Weichkäse aus Ziegenmilch (45% Fett i. Tr.)";1;0;0;0;0;1;0;0;0;0;0;0;0;0;0;0;0
"Landjäger";13;89;0;106;136;0;0;0;195;0;0;164;13;0;28;0;0
"Zuckererbsen frisch";4000;200;0;300;0;0;0;0;500;0;500;5000;4000;0;5000;0;0
"Weizen Grieß gegart";61;6;0;6;0;0;0;0;12;0;37;5984;61;0;5984;0;0
"Feldsalat frisch";245;175;0;273;0;0;0;0;448;0;0;7;245;0;7;0;0
"Hafer ganzes Korn roh";1080;0;0;0;0;0;30;0;0;250;557;54251;1050;0;54251;0;0
"Weißbrot-Weizentoastbrot";2130;49;0;50;0;658;13;0;99;0;180;45276;1459;0;45276;0;0
"Walnüsse";6890;0;0;0;0;0;0;0;0;0;0;3710;6890;0;3710;0;0
"Konfitüre Gelee Marmeladen";64991;2148;0;762;0;0;0;0;2910;25;0;222;64991;192;222;192;0
"Kiwi frisch";1346;4405;0;4707;0;0;0;0;9112;0;0;312;1346;0;312;0;0
"Haselnusspastete";613;80;0;192;0;0;0;0;272;0;0;307;613;0;307;0;0
"Lachs tiefgefroren";0;0;0;0;0;0;0;0;0;0;0;0;0;0;0;0;0
"Pumpernickel";657;61;0;68;0;0;92;0;129;0;359;36427;565;0;36427;0;0
"Kaiserjagdwurst Konserve";16;80;0;90;0;0;0;0;170;0;0;8;16;0;8;0;0
"Mais-Vollkornfladenbrot";788;44;0;44;0;0;0;0;88;0;175;42702;788;0;42702;0;0
"Honig";2252;37535;0;33782;0;0;0;0;71317;0;1501;0;2252;0;0;0;0
"Vollkornbrot mit Sonnenblumenkernen";640;58;0;65;0;0;88;0;123;25;344;35424;552;0;35424;0;0
"Schaf Muskelfleisch";0;0;0;0;0;0;0;0;0;0;0;0;0;0;0;0;0
"Rind Lunge frisch";0;0;0;0;0;0;0;0;0;0;0;0;0;0;0;0;0
"Pak Choi frisch";298;427;0;417;0;0;0;0;844;0;0;48;298;0;48;0;0
"Champignon frisch";17;28;0;67;0;0;0;448;95;0;0;0;17;0;0;448;0
"Knoblauchwurst einfach";13;81;0;93;215;0;0;0;174;0;0;224;13;0;9;0;0
"Wurzelpetersilie frisch";2694;270;0;216;0;0;0;809;486;310;323;1078;2694;0;1078;809;0
"Apfel Fruchtsaft";1700;6400;0;2400;0;0;0;0;8800;1;0;521;1700;560;521;560;0
"Beerenobst";437;7628;0;7332;0;0;0;0;14960;0;0;0;437;203;0;203;0
"Pecannuss frisch";1998;0;0;222;0;0;0;0;222;0;0;2220;1998;0;2220;0;0
"Schweinefilet im Netz                   ";531;132;0;207;0;396;0;0;339;0;0;210;135;0;210;0;0
"Geflügelwiener Würstchen";48;182;0;204;0;0;0;0;386;0;0;14;48;0;14;0;0
"Spekulatius aus Mürbeteig";24042;243;0;334;0;136;0;0;577;32;129;32064;23906;0;32064;0;0
"Mosaik-, Schachbrettpastete und andere";17;104;0;124;5;0;0;0;228;0;0;16;17;0;11;0;0
"Kresse frisch";0;620;0;1488;0;0;0;0;2108;0;0;372;0;0;372;0;0
"Banane frisch";11016;3636;0;3786;0;0;0;0;7422;0;0;2952;11016;0;2952;0;0
"Rumpsteak (Zubereitung Großküche)";2;20;0;26;0;0;0;0;46;0;0;2;2;0;2;0;0
"Linsen reif frisch";2465;0;0;0;0;0;0;0;0;2380;4930;41905;2465;0;41905;0;0
"Oliven";35;0;0;0;0;0;0;0;0;0;0;1725;35;0;1725;0;0
"Müsli";3434;3727;15;2915;0;0;158;0;6657;326;461;49360;3276;95;49360;95;0
"Kokosflocken aus Fondant";60540;0;0;12281;0;0;0;0;12281;24;0;0;60540;0;0;0;0
"Gouda mind. 10% Fett i. Tr.";0;0;0;0;0;0;0;0;0;0;0;0;0;0;0;0;0
"Gelee einfach";65447;1972;0;699;0;0;0;0;2671;26;0;204;65447;177;204;177;0
"Tomatensoße italienisch (Zubereitung Großküche)";1411;2313;0;2190;236;0;0;0;4503;0;101;361;1411;0;125;0;0
"Kohlrabi frisch";1147;1110;0;1295;0;0;0;0;2405;0;0;148;1147;0;148;0;0
"Kokosnuss";4637;0;0;143;0;0;0;0;143;0;0;0;4637;0;0;0;0
"Obstsalat süßsauer (Zubereitung Haushalt)";13840;3932;0;2104;0;0;0;0;6036;4;0;820;13840;590;820;590;0
"Kalbfleischsülze";1;14;0;16;180;0;0;0;30;0;0;181;1;0;1;0;0
"Salami ungarische Art";13;131;0;143;0;0;0;0;274;0;0;13;13;0;13;0;0
"Muffins mit Schokolade";19967;17;0;80;0;1144;0;0;97;19;64;17178;18823;0;17178;0;0
"Graubrot-Weizenmischbrot mit Sonnenblumenkernen";1397;202;0;279;0;0;929;0;481;201;162;41444;468;0;41444;0;0
"Aprikose - Marille";5132;872;0;1734;0;0;0;0;2606;0;0;0;5132;802;0;802;0
"Schinkenroulade";24;38;0;45;0;0;0;0;83;0;0;69;24;0;69;0;0
"Kartoffelsalat mit grüner Gurke und Mayonnaise (Zubereitung Gastronomie)";318;289;36;343;59;107;0;9;668;0;48;7339;211;0;7280;9;0
"Brötchen-Roggenbrötchen mit Sonnenblumenkernen";3032;420;0;619;0;0;2384;0;1039;27;24;40703;648;0;40703;0;0
"Leberwurst einfach";70;130;0;175;185;0;0;0;305;0;63;191;70;0;6;0;0
"Bohnen grün tiefgefroren gegart";200;583;0;450;0;0;0;0;1033;1949;667;1333;200;0;1333;0;0
"Vollkornbrot-Mehrkornvollkornbrot";647;60;0;68;0;0;103;0;128;32;331;38935;544;0;38935;0;0
"Kalbfleisch-Pastete";72;70;0;84;0;30;0;0;154;5;29;7084;42;0;7084;0;0
"Hausmacher Blutwurst Konserve";91;190;0;233;15;0;0;0;423;0;45;37;91;0;22;0;0
"Salzstangen";301;75;0;75;0;0;0;0;150;0;301;74548;301;0;74548;0;0
"Mozzarella";0;0;0;0;0;0;0;0;0;0;0;0;0;0;0;0;0
"Brathähnchen Leber frisch";0;0;0;0;5000;0;0;0;0;0;0;5000;0;0;0;0;0
"Rote Bete gegart";5617;244;0;244;0;0;0;0;488;0;0;0;5617;0;0;0;0
"Agavendicksaft";0;70000;0;5000;0;0;0;0;75000;0;0;0;0;0;0;0;0
"Shiitakepilz frisch";370;616;0;1478;0;0;0;9856;2094;0;0;0;370;0;0;9856;0
"Mortadella Konserve";47;93;0;111;0;0;0;0;204;0;0;130;47;0;130;0;0
"Marmelade";64991;2148;0;762;0;0;0;0;2910;25;0;222;64991;192;222;192;0
"Griechischer Joghurt";3032,4;4071,9;3,5;3983,2;0;1821,2;0;0;8058,6;0;634,6;0;1200;0;1730,8;0;0
"Rind Pökelfleisch gekocht ungeräuchert";851;0;0;0;0;0;0;0;0;0;0;0;851;0;0;0;0
"Schwein Nacken (Kamm) (fett) frisch gegart";0;0;0;0;0;0;0;0;0;0;0;0;0;0;0;0;0
"Hirsch Fleisch (mager) frisch";0;0;0;0;0;0;0;0;0;0;0;0;0;0;0;0;0
"Geflügelleberwurst";127;117;0;136;2460;0;0;0;253;0;26;2467;127;0;7;0;0
"Haselnusspastete mit Mürbeteig";734;7;0;124;0;27;0;0;131;5;27;6980;707;0;6980;0;0
"Joghurt 10% mit Früchten";11874;324;783;146;0;2317;0;0;1253;4;0;81;9557;29;81;29;0
"Geflügelbierwurst";54;135;0;143;0;0;0;0;278;0;1;6;54;0;6;0;0
"Schwarze Graupenwürstchen";488;143;0;169;181;0;161;0;312;0;107;15710;327;0;15529;0;0
"Tofu frisch";495;0;0;0;0;0;0;0;0;100;0;5;495;0;5;0;0
"Rotwein leicht";0;953;0;864;0;0;0;7;2376;0;0;7;0;10;0;17;0
"Kürbiskern geröstet";763;68;0;82;0;0;0;0;150;0;0;1830;763;0;1830;0;0
"Vollkornbrot mit Ölsamen";640;58;0;65;0;0;88;0;123;25;344;35424;552;0;35424;0;0
"Linsen reif gegart";920;0;0;0;0;0;0;0;0;987;1840;15645;920;0;15645;0;0
"Bratwurst (nicht umgerötet)";32;115;0;127;0;0;0;0;242;0;0;7;32;0;7;0;0
"Amaranth roh";1670;0;0;0;0;0;200;0;0;330;662;55100;1470;0;55100;0;0
"Brühwurst feingekuttert (umgerötet)";36;87;0;109;0;0;0;0;196;0;0;41;36;0;41;0;0
"Avocado";0;0;0;3550;0;0;0;0;3550;0;0;0;0;0;0;0;0
"Hirschsalami";8;80;0;98;0;0;0;0;178;0;0;10;8;0;10;0;0
"Cashewnuss geröstet und gesalzen";11162;0;0;1240;0;0;0;0;1240;0;0;12402;11162;0;12402;0;0
"Geflügelknackwurst";48;182;0;204;0;0;0;0;386;0;0;14;48;0;14;0;0
"Knacker einfach, Schüblinge einfach";13;67;0;78;0;0;0;0;145;0;0;6;13;0;6;0;0
"Kiwi";1346;4405;0;4707;0;0;0;0;9112;0;0;312;1346;0;312;0;0
"Erbswurst";516;54;0;72;0;0;0;0;126;1036;635;11175;516;0;11175;0;0
"Schnittkäse aus Ziegenmilch (50% Fett i. Tr.)";0;0;0;0;0;0;0;0;0;0;0;0;0;0;0;0;0
"Milzwurst";19;85;0;106;0;0;0;0;191;0;6;16;19;0;16;0;0
"Deutsche Salami";10;91;0;108;0;0;0;0;202;0;0;10;10;0;10;0;0
"Haferkleieflocken";772;0;0;0;0;0;60;0;0;0;598;58171;712;0;58171;0;0
"Leinsamen";7710;0;0;0;0;0;0;0;0;0;0;0;7710;0;0;0;0
"Brötchen mit Sonnenblumenkernen";899;50;0;53;0;0;13;0;103;59;197;47626;886;0;47626;0;0
"Sonnenblumenöl";0;0;0;0;0;0;0;0;0;0;0;0;0;0;0;0;0
"Geflügelmortadella gebraten (zubereitet ohne Fett)";270;1754;0;2077;0;0;0;0;3831;0;0;188;270;0;188;0;0
"Zwieback";286;71;0;71;0;0;0;0;142;0;286;70696;286;0;70696;0;0
"Spaghetti gekocht, mit Butterflöckchen (Zubereitung Gastronomie)";127;26;0;26;0;23;0;0;52;0;104;25706;104;0;25706;0;0
"Sonnenblumenkern roh";3450;0;0;0;0;0;0;0;0;0;0;0;3450;0;0;0;0
"Macadamianuss roh";1805;0;0;201;0;0;0;0;201;0;0;2004;1805;0;2004;0;0
"Chicoree frisch";187;725;0;1381;0;0;0;0;2106;1490;0;47;187;0;47;0;0
"Weiße Graupenwurst";545;133;0;161;154;0;187;0;294;0;118;18185;358;0;18031;0;0
"Mortadella süddeutsch, Zungenwurst";277;99;0;117;95;0;0;0;216;0;0;199;277;0;104;0;0
"Hüttenkäse Halbfettstufe";2600;0;0;0;0;2600;0;0;0;0;0;0;0;0;0;0;0
"Kasseler gebraten im Backofen ohne Fett";0;0;0;0;0;0;0;0;0;0;0;0;0;0;0;0;0
"Whisky";33;44;0;33;0;0;0;0;77;0;0;0;33;0;0;0;0
"Margarine pflanzlich Linolsäure 30-50%";0;0;0;0;0;0;0;0;0;0;0;400;0;0;400;0;0
"Bohnen grün tiefgefroren";201;585;0;451;0;0;0;0;1036;1759;669;1337;201;0;1337;0;0
"Geflügelmortadella gekocht";315;2048;0;2425;0;0;0;0;4473;0;0;220;315;0;220;0;0
"Studentenfutter mit Erdnüssen";3779;11469;0;11501;0;0;0;0;22970;0;0;3649;3779;0;3649;0;0
"Corned Beef";0;0;0;0;0;0;0;0;0;0;0;0;0;0;0;0;0
"Brötchen-Roggenmischbrötchen";2618;349;0;516;0;0;2007;0;865;87;80;43390;611;0;43390;0;0
"Pfefferminztee (Getränk)";20;90;0;90;0;0;0;0;180;0;0;0;20;0;0;0;0
"Erbsen grün Konserve";3083;154;0;231;0;0;0;0;385;0;385;3854;3083;0;3854;0;0
"Makrele roh Fischzuschnitt";0;0;0;0;0;0;0;0;0;0;0;0;0;0;0;0;0
"Kürbiscremesuppe (Zubereitung Haushalt)";6240;249;0;234;0;2903;0;4;483;1;21;134;3337;0;134;7;3
"Linsen-Eintopf (Zubereitung Gastronomie)";630;241;0;291;52;0;3;16;532;283;578;8717;627;0;8665;16;0
"Hafer Schrot";419;0;0;60;0;0;0;0;60;250;299;59022;419;0;59022;0;0
"Chilischote rot frisch";168;1722;0;2100;0;0;0;0;3822;0;0;210;168;0;210;0;0
"Saure Sahne";3300;0;0;0;0;3300;0;0;0;0;0;0;0;0;0;0;0
"Papaya gegart";2135;2448;0;2518;0;0;0;0;4966;0;0;0;2135;0;0;0;0
"Thunfisch Konserve in Öl, abgetropft";0;0;0;0;0;0;0;0;0;0;0;0;0;0;0;0;0
"Joghurt mit Magermilch angereichert teilentrahmt";3922;0;1325;53;0;3922;0;0;1378;0;0;0;0;0;0;0;0
"Zwiebelwurst";242;335;0;503;694;0;0;0;838;0;270;704;242;0;10;0;0
"Johannisbeere schwarz Konfitüre";63460;1909;0;1457;0;0;0;0;3366;25;0;0;63460;0;0;0;0
"Pökelwaren Pökelfleisch";889;0;0;0;0;0;0;0;0;0;0;0;889;0;0;0;0
"Pfälzer Saumagen";170;201;0;272;0;0;0;0;473;0;30;6247;170;0;6247;0;0
"Roggenfladenbrot";2992;416;0;613;0;0;2362;0;1029;0;24;39778;630;0;39778;0;0
"Spitzpaprika grün";116;1193;0;1455;0;0;0;0;2648;0;0;146;116;0;146;0;0
"Fleischwurst Pariser";36;87;0;109;0;0;0;0;196;0;0;41;36;0;41;0;0
"Kalbsleberwurst grob";76;221;0;260;459;0;0;0;481;0;65;466;76;0;7;0;0
"Erdnuss roh";2992;0;0;0;0;0;0;0;0;0;0;5500;2992;0;5500;0;0
"Apfelmus (Zubereitung Haushalt)";8721;4167;0;1519;0;0;0;0;5686;3;0;425;8721;368;425;368;0
"Buchweizenbrot";982;49;0;50;0;0;13;0;99;0;182;45827;969;0;45827;0;0
"Heidelbeere tiefgefroren";302;4251;0;3130;0;0;0;0;7412;0;0;0;302;7;0;14;7
"Schwein Schinken roh geräuchert (Lachsschinken)";890;0;0;0;0;0;0;0;0;0;0;0;890;0;0;0;0
"Graubrot-Roggenbrot mit Käse";2911;405;0;596;0;0;2298;0;1001;0;23;38694;613;0;38694;0;0
"Blumenkohl tiefgefroren";212;925;0;986;0;0;0;0;1911;0;0;300;212;0;300;27;27
"Dinkelbrötchen";4537;92;0;118;0;103;895;0;210;0;207;33174;3539;0;33174;0;0
"Cocktailtomaten";84;1358;0;1081;0;0;0;0;2439;0;0;0;100;0;80;0;0
"Käsespätzle (Zubereitung Haushalt)";99;47;0;206;0;0;0;0;253;13;103;17744;99;0;17744;0;0
"Knäckebrot-Roggenbrot";4762;662;0;976;0;0;3759;0;1638;0;38;63301;1003;0;63301;0;0
"Gurkensalat mit Joghurt (Zubereitung Haushalt)";1447;647;226;591;0;668;0;38;1464;0;0;1;779;0;1;38;0
"Müsli-Riegel";22746;3607;0;3712;0;0;13;0;7319;8;127;13665;22733;66;13665;66;0
"Schwein Rückenspeck";0;0;0;0;0;0;0;0;0;0;0;0;0;0;0;0;0
"Reisdrink";0;0;0;7100;0;0;0;0;7100;0;0;0;0;0;2800;0;0
"Rostbratwurst";33;119;0;131;0;0;0;0;250;0;0;8;33;0;8;0;0
"Traubenzucker";0;0;0;99800;0;0;0;0;99800;40;0;0;0;0;0;0;0
"Mungobohnen reif";1238;1031;0;619;0;0;0;0;1650;4320;3713;34649;1238;0;34649;0;0
"Laugengebäck";264;66;0;66;0;0;0;0;132;0;264;67855;264;0;67855;0;0
"Rind Mark";0;0;0;0;0;0;0;0;0;0;0;0;0;0;0;0;0
"Erdbeerkonfitüre";63396;840;0;794;0;0;0;0;1640;25;0;0;63396;12;0;22;10
"Brathähnchen Brustfilet gekocht";0;0;0;0;0;0;0;0;0;0;0;0;0;0;0;0;0
"Tiroler";37;64;0;82;51;0;0;0;146;0;0;93;37;0;42;0;0
"Tomatensoße aus frischen Tomaten (Zubereitung Haushalt)";206;351;0;310;0;82;0;0;661;3;26;3542;124;0;3542;0;0
"Rind Milz frisch";0;0;0;0;0;0;0;0;0;0;0;0;0;0;0;0;0
"Auberginenscheiben gebraten (Zubereitung Haushalt)";200;1092;0;1100;0;0;0;0;2192;2;13;3365;200;0;3365;0;0
"Getreideerzeugnisse Frühstückscerealien";3434;3727;15;2915;0;0;158;0;6657;326;461;49360;3276;95;49360;95;0
"Krakauer";21;78;0;93;78;0;0;0;171;0;0;99;21;0;21;0;0
"Grünkohl tiefgefroren";661;1032;0;847;0;0;0;0;1879;0;0;106;661;0;106;0;0
"Aubergine frisch";125;1121;0;1119;0;0;0;0;2240;0;0;125;125;0;125;0;0
"Porree frisch";578;1155;0;899;0;0;48;96;2054;720;482;0;530;0;0;96;0
"Kidney-Bohnen Konserve gegart abgetropft";261;0;0;0;0;0;0;0;0;905;697;7756;261;0;7756;0;0
"Grapefruit frisch";3544;2533;0;2873;0;0;0;0;5406;0;0;0;3544;0;0;0;0
"Banane";11016;3636;0;3786;0;0;0;0;7422;0;0;2952;11016;0;2952;0;0
"Stachelbeere frisch";859;4011;0;3630;0;0;0;0;7641;0;0;0;859;0;0;0;0
"Bohne weiß frisch gegart";508;0;0;0;0;0;0;0;0;2093;1355;15069;508;0;15069;0;0
"Hanfsamen";1792,5;118,6;0;88,9;0;0;0;0;207,5;0;0;0;1800;0;0;0;0
"Rum";0;0;0;0;0;0;0;0;0;0;0;0;0;0;0;0;0
"Käsekuchen aus Mürbeteig";12521;880;0;1004;0;1882;0;0;1884;14;54;13454;10639;0;13454;0;0
"Gänseleberpastete";70;149;0;203;3467;0;0;0;352;0;62;3488;70;0;21;0;0
"Fleischwurst Konserve";15;78;0;91;0;0;0;0;169;0;0;8;15;0;8;0;0
"Tomatensalat mit Essigmarinade und Zwiebeln (Zubereitung Haushalt)";1010;1185;0;1132;0;0;0;0;2317;0;176;61;1010;0;61;0;0
"Bratwurst (Zubereitung Haushalt)";35;125;0;137;0;0;0;0;262;0;0;8;35;0;8;0;0
"Touristenwurst einfach";6;67;0;82;84;0;0;0;149;0;0;92;6;0;8;0;0
"Buchweizen";284;71;0;71;0;0;0;0;142;0;0;70554;284;0;70554;0;0
"Weizen Mehl Type 550";1000;32;0;50;0;0;510;0;82;0;288;70800;490;0;70800;0;0
"Thunfisch Konserve abgetropft";0;0;0;0;0;0;0;0;0;0;0;0;0;0;0;0;0
"Weißbrot-Weizenbrot";885;50;0;52;0;0;13;0;102;30;196;46896;872;0;46896;0;0
"Rind Rücken (Roastbeef) (mager) frisch gegart";0;0;0;0;0;0;0;0;0;0;0;0;0;0;0;0;0
"Heidelbeere frisch";289;4070;0;2997;0;0;0;0;7097;0;0;0;289;7;0;14;7
"Mischgemüse gedünstet (Zubereitung Großküche)";2375;731;0;837;0;0;0;53;1568;178;214;2651;2375;0;2651;53;0
"Rote Bete frisch";7710;335;0;335;0;0;0;0;670;0;0;0;7710;0;0;0;0
"Kapstachelbeere frisch";3990;4655;0;4655;0;0;0;0;9310;0;0;0;3990;0;0;0;0
"Grünkern";633;63;0;63;0;0;0;0;126;0;380;62111;633;0;62111;0;0
"Weiße Lyoner";35;84;0;107;0;0;0;0;191;0;0;40;35;0;40;0;0
"Weiße Bohnen in Tomatensoße (Zubereitung Haushalt)";217;177;0;161;0;0;0;0;338;696;519;6638;217;0;6638;0;0
"Erdnuss geröstet";3716;0;0;0;0;0;0;0;0;0;0;5700;3716;0;5700;0;0
"Brötchen-Roggenbrötchen";3163;440;0;648;0;0;2497;0;1088;0;25;42050;666;0;42050;0;0
"Endivien frisch";222;51;0;21;0;0;0;0;72;0;0;6;222;0;6;0;0
"Thüringer Rotwurst Konserve";51;56;0;86;141;0;0;0;142;0;59;141;51;0;0;0;0
"Leinöl";0;0;0;0;0;0;0;0;0;0;0;0;0;0;0;0;0
"Basmatireis ungekocht";146;76;0;76;0;0;0;0;152;0;0;75124;146;0;75124;0;0
"Leberwurst grob";76;220;0;259;710;0;0;0;479;0;64;717;76;0;7;0;0
"Rote Bete Gemüsesaft";6403;278;0;278;0;0;0;0;556;0;0;0;6403;0;0;0;0
"Kolbacz";11;92;0;109;0;0;0;0;201;0;0;10;11;0;10;0;0
"Hefezopf aus Hefeteig fettarm";6223;4421;0;4470;0;778;0;0;8891;25;126;31337;5445;0;31337;0;0
"Johannisbeere schwarz frisch";1164;5181;0;3955;0;0;0;0;9136;0;0;0;1164;0;0;0;0
"Fischstäbchen (Zubereitung Haushalt)";459;6;0;30;0;0;0;0;36;6;28;13609;459;0;13609;0;0
"Eisbergsalat frisch";298;628;0;628;0;0;0;0;1256;0;0;16;298;0;16;0;0
"Geflügelsalami fettarm";88;91;0;119;0;0;0;0;210;0;0;99;88;0;99;0;0
"Gesülzter Hackbraten";6;222;0;150;280;0;0;1;376;0;0;281;6;0;1;1;0
"Pizza margherita (Zubereitung Gastronomie)";192;181;0;163;0;0;0;0;344;31;175;43233;192;0;43233;0;0
"Graubrot-Weizenmischbrot mit Sauermilch";1838;211;0;291;0;390;971;0;502;181;169;42721;477;0;42721;0;0
"Preiselbeere Konfitüre";63089;1232;0;1274;0;0;0;0;2506;25;0;52;63089;0;52;0;0
"Tomatensuppe (Zubereitung Haushalt)";53;410;0;354;0;10;0;0;764;1;12;1890;43;0;1890;0;0
"Gerste Graupen";1916;142;0;142;0;0;710;0;284;0;355;68405;1206;0;68405;0;0
"Kräutertee (Getränk)";20;90;0;90;0;0;0;0;180;0;0;0;20;0;0;0;0
"Kalb Muskelfleisch";0;0;0;0;0;0;0;0;0;0;0;0;0;0;0;0;0
"Vollkornmehl";595;60;0;60;0;0;0;0;120;0;357;58458;595;0;58458;0;0
"Grünkern Schrot";633;63;0;63;0;0;0;0;126;0;380;62111;633;0;62111;0;0
"Oliven schwarz";98;0;0;0;0;0;0;0;0;0;0;4802;98;0;4802;0;0
"Geflügelwiener Würstchen erwärmt";52;198;0;223;0;0;0;0;421;0;0;15;52;0;15;0;0
"Jagdwurst (Süddeutsche und Norddeutsche)";16;80;0;90;0;0;0;0;170;0;0;8;16;0;8;0;0
"Margarine";0;0;0;0;0;0;0;0;0;0;0;400;0;0;400;0;0
"Sauerkraut Konserve abgetropft";150;211;0;213;0;0;0;0;424;0;0;24;150;0;24;0;0
"Grünkohl frisch gegart";391;610;0;501;0;0;0;0;1111;0;0;63;391;0;63;0;0
"Französische Schweinefleisch-Terrine";41;137;0;170;0;0;0;0;307;0;0;75;41;0;75;0;0
"Cabanossi";13;131;0;161;0;0;0;0;292;0;0;16;13;0;16;0;0
"Couscous gekocht";287;28;0;28;0;0;0;0;56;0;171;27976;287;0;27976;0;0
"Butterkäse";0;0;0;0;0;0;0;0;0;0;0;0;0;0;0;0;0
"Rind Fett";0;0;0;0;0;0;0;0;0;0;0;0;0;0;0;0;0
"Orange, Apfelsine";3795;2868;0;2527;0;0;0;0;5395;0;0;0;3795;0;0;0;0
"Sojaeiweiß texturiert (""Sojafleisch"")";198;0;0;0;0;0;0;0;0;2000;0;2;198;0;2;0;0
"Wollwurst, Geschwollene";32;115;0;127;0;0;0;0;242;0;0;7;32;0;7;0;0
"Lachs frisch";0;0;0;0;0;0;0;0;0;0;0;0;0;0;0;0;0
"Bierschinken Konserve";12;60;0;70;0;0;0;0;130;0;0;5;12;0;5;0;0
"Bauernleberwurst";27;119;0;137;668;0;0;0;256;0;0;679;27;0;11;0;0
"Fleischkäse im Teigmantel";79;116;0;163;0;28;0;0;279;7;37;9153;51;0;9153;0;0
"Bratwurst geräuchert";11;63;0;76;0;0;0;0;139;0;0;25;11;0;25;0;0
"Milchschokolade Vollmilch-Nuß";48617;0;0;42;0;7056;0;0;42;16;0;473;41561;0;473;0;0
"Basmatireis gekocht";55;29;0;29;0;0;0;0;58;0;0;27988;55;0;27988;0;0
"Vollkornteigwaren";606;61;0;61;0;0;0;0;122;0;364;59508;606;0;59508;0;0
"Brie";0;0;0;0;0;0;0;0;0;0;0;0;0;0;0;0;0
"Pistazie geröstet und gesalzen";3118;0;0;0;0;0;0;0;0;0;0;12470;3118;0;12470;0;0
"Magerquark";4000;0;0;0;0;4000;0;0;0;0;0;0;0;0;0;0;0
"Pistazie geröstet";3180;0;0;0;0;0;0;0;0;0;0;12720;3180;0;12720;0;0
"Milchspeiseeis Vanille";13180;0;0;0;0;3299;0;0;0;4;0;0;9881;0;0;0;0
"Rindergulasch ""deutsche Art"" (Zubereitung Haushalt)";665;639;0;902;0;290;0;0;1541;0;398;28;375;0;28;0;0
"Zwiebelleberwurst einfach";70;130;0;175;185;0;0;0;305;0;63;191;70;0;6;0;0
"Spinat tiefgefroren gegart";190;95;0;118;0;0;0;0;213;0;0;72;190;0;72;0;0
"Waldpilze";3;5;0;12;0;0;0;80;17;0;0;0;3;0;0;80;0
"Rind Steak (mager) frisch gegart";0;0;0;0;0;0;0;0;0;0;0;0;0;0;0;0;0
"Leberwurst Aachener Frankfurter";105;180;0;212;724;0;0;0;392;0;35;755;105;0;31;0;0
"Kidney-Bohnen";1095;0;0;0;0;0;0;0;0;3600;2920;32485;1095;0;32485;0;0
"Milchspeiseeis";13180;0;0;0;0;3299;0;0;0;4;0;0;9881;0;0;0;0
"Dinkelvollkornbrötchen";5794;117;0;162;0;114;1752;0;279;0;220;33846;3928;0;33846;0;0
"Grahambrötchen";956;52;0;53;0;0;14;0;105;27;214;48837;942;0;48837;0;0
"Sojabohnen reif frisch gegart";168;0;0;0;0;0;0;0;0;4250;0;2;168;0;2;0;0
"Schokoladenpudding mit Vanillesoße (Zubereitung Großküche)";15926;0;0;0;0;3889;0;0;0;5;0;5673;12037;0;5673;0;0
"Kaffee mit Milch und Zucker (Getränk)";2053;2;0;2;0;151;0;0;6;1;0;271;1902;0;0;0;0
"Maultaschen ""schwäbisch"" (Zubereitung Haushalt)";164;86;0;228;50;0;0;0;314;10;80;14914;164;0;14864;0;0
"Teigwaren aus Hartgrieß";282;70;0;70;0;0;0;0;140;0;282;69746;282;0;69746;0;0
"Leberwurst fein";72;208;0;245;867;0;0;0;453;0;61;874;72;0;7;0;0
"Margarine halbfett Linolsäure <30%";0;0;0;0;0;0;0;0;0;0;0;400;0;0;400;0;0
"Semmelbrösel";4411;0;0;0;0;0;0;0;0;0;0;69104;4411;0;69104;0;0
"Linsen gekeimt frisch";381;4572;0;4571;0;0;0;0;9143;0;953;8573;381;0;8573;0;0
"Tahini aus rohem Sesam";424;0;0;0;0;0;0;0;0;0;0;20766;424;0;20766;0;0
"Edelkastanien (Marone) gegart";13855;0;0;0;0;0;0;0;0;0;0;27213;13855;0;27213;0;0
"Gemüsepaprika grün frisch";116;1193;0;1455;0;0;0;0;2648;0;0;146;116;0;146;0;0
"Vollkornbrötchen mit Sonnenblumenkernen";420;41;0;564;0;0;0;0;605;27;245;40635;420;0;40635;0;0
"Wurstkuchen mit Mürbeteig";414;94;0;194;0;117;0;0;288;11;59;14521;297;0;14521;0;0
"Meerrettich frisch";4084;1167;0;2334;0;0;0;0;3501;0;0;4085;4084;0;4085;0;0
"Pommes frites mit Mayonnaise";304;152;0;229;0;0;0;0;381;0;0;14115;304;0;14115;0;0
"Vollkornbrot-Weizen, Roggenvollkornschrottoastbrot";2465;76;0;79;0;658;39;0;155;0;297;40015;1768;0;40015;0;0
"Heidelbeere Konfitüre";63138;1499;0;1104;0;0;0;0;2614;25;0;0;63138;3;0;6;3
"Linsensuppe (Zubereitung Haushalt)";423;174;0;191;0;0;2;8;365;243;470;5749;421;0;5749;8;0
"Gorgonzola";0;0;0;0;0;0;0;0;0;0;0;0;0;0;0;0;0
"Miso";4653;0;0;0;0;0;0;0;0;0;0;47;4653;0;47;0;0
"Brühwurst mit Fleischeinlage (nicht umgerötet)";19;85;0;106;0;0;0;0;191;0;6;16;19;0;16;0;0
"Geflügelmortadella fettarm";249;1620;0;1919;0;0;0;0;3539;0;0;174;249;0;174;0;0
"Schweinebauch in Aspik";774;10;0;18;159;0;0;0;28;0;0;159;774;0;0;0;0
"Linsen reif Konserve";613;0;0;0;0;0;0;0;0;592;1226;10425;613;0;10425;0;0
"Trüffelmosaikpastete";17;104;0;124;5;0;0;0;228;0;0;16;17;0;11;0;0
"Frikadelle (Zubereitung Großküche)";173;104;0;203;0;0;1;0;307;3;122;4417;172;0;4417;0;0
"Mais";1164;65;0;65;0;0;0;0;130;230;259;63107;1164;0;63107;0;0
"Dosenschinken";1072;0;0;0;0;0;0;0;0;0;0;0;1072;0;0;0;0
"Champignonpastete";19;91;0;110;0;0;0;47;201;0;0;8;19;0;8;47;0
"Kichererbsen";404;390;0;584;0;0;0;0;974;1130;780;19082;404;0;19082;0;0
"Sardine Konserve in Öl, abgetropft";0;0;0;0;0;0;0;0;0;0;0;0;0;0;0;0;0
"Eierpastete";46;110;1;204;0;0;0;0;315;0;0;126;46;0;126;0;0
"Pflaumen frisch";3386;2020;0;3376;0;0;0;0;5396;0;0;0;3386;1418;0;1418;0
"Gurke";91;878;0;787;0;0;0;54;1665;0;0;0;91;0;0;54;0
"Landjäger Würste";13;89;0;106;136;0;0;0;195;0;0;164;13;0;28;0;0
"Rotkohl Konserve gegart";195;998;0;723;0;0;0;0;1721;0;0;40;195;0;40;0;0
"Buschbohnen grün frisch";192;560;0;432;0;0;0;0;992;1600;640;1280;192;0;1280;0;0
"Plockwurst";15;111;0;129;0;0;0;0;240;0;0;13;15;0;13;0;0
"Rote Rübe frisch";7710;335;0;335;0;0;0;0;670;0;0;0;7710;0;0;0;0
"Putenschnitzel ""italienische Art"" (Zubereitung Gastronomie)";836;3;0;36;0;671;0;0;39;2;14;5756;165;0;5756;0;0
"Leinsamen geschrotet";7799;0;0;0;0;0;0;0;0;0;0;0;7799;0;0;0;0
"Lebkuchenteigbackwaren";47315;965;0;1102;0;0;0;0;2067;19;0;13;47315;0;13;0;0
"Champignonpastete mit Mürbeteig";74;12;0;22;0;37;0;52;34;6;36;8842;37;0;8842;52;0
"Schweinegrillschnitten                   ";121;414;0;460;0;0;0;0;874;0;0;29;121;0;29;0;0
"Schwein Filet (mager) frisch";0;0;0;0;0;0;0;0;0;0;0;0;0;0;0;0;0
"Filetblutwurst";522;25;0;40;8;0;0;0;65;0;27;8;522;0;0;0;0
"Hanfnussöl";0;0;0;0;0;0;0;0;0;0;0;0;0;0;0;0;0
"Apfel-Streuselkuchen aus Mürbeteig fettreich";15486;4432;67;1228;0;74;0;0;5727;12;38;9506;15412;419;9506;419;0
"Hühnerei Vollei";0;0;0;700;0;0;0;0;700;0;0;0;0;0;0;0;0
"Sardine Konserve abgetropft";0;0;0;0;0;0;0;0;0;0;0;0;0;0;0;0;0
"Cervelatwurst";10;109;0;134;0;0;0;0;243;0;0;13;10;0;13;0;0
"Kalbfleischwurst";15;70;0;80;0;0;0;0;150;0;0;7;15;0;7;0;0
"Hirse roh";1605;0;0;0;0;0;0;0;0;712;761;66394;1605;0;66394;0;0
"Eisbergsalat";298;628;0;628;0;0;0;0;1256;0;0;16;298;0;16;0;0
"Petersilienblatt frisch";0;1845;0;2952;0;0;0;0;4797;0;0;2583;0;0;2583;0;0
"Mandelmus";19700;0;0;0;0;0;0;0;0;0;0;0;19700;0;0;0;0
"Paranuss";1420;0;0;0;0;0;0;0;0;0;0;2130;1420;0;2130;0;0
"Zander tiefgefroren";0;0;0;0;0;0;0;0;0;0;0;0;0;0;0;0;0
"Brie Vollfettstufe";0;0;0;0;0;0;0;0;0;0;0;0;0;0;0;0;0
"Erdnussbutter, -mus";6222;0;0;0;0;0;0;0;0;0;0;5978;6222;0;5978;0;0
"Fenchel";373;1147;0;1346;0;0;0;0;2493;0;0;0;373;134;0;134;0
"Lamm Leber roh";0;0;0;0;1780;0;0;0;0;0;0;1780;0;0;0;0;0
"Quark";4000;0;0;0;0;4000;0;0;0;0;0;0;0;0;0;0;0
"Apfelkuchen aus Rührmasse";12730;3618;54;1090;0;125;0;0;4762;12;41;10492;12605;346;10492;346;0
"Kuhmilch Trinkmilch fettarm";4900;0;0;0;0;4900;0;0;0;0;0;0;0;0;0;0;0
"Puderzucker";99800;0;0;0;0;0;0;0;0;40;0;0;99800;0;0;0;0
"Brathähnchen Schenkel roh";0;0;0;0;0;0;0;0;0;0;0;0;0;0;0;0;0
"Pökelwaren Eisbein";889;0;0;0;0;0;0;0;0;0;0;0;889;0;0;0;0
"Granatapfel frisch";284;7365;0;9051;0;0;0;0;16416;0;0;0;284;0;0;0;0
"Dinkelbrot (Vollkornbrot)";4697;96;0;122;0;107;927;0;218;0;214;34338;3663;0;34338;0;0
"Distelöl (Safloröl)";0;0;0;0;0;0;0;0;0;0;0;0;0;0;0;0;0
"Pute frisch";0;0;0;0;0;0;0;0;0;0;0;0;0;0;0;0;0
"Chinakohl frisch gegart";221;315;0;309;0;0;0;0;624;0;0;36;221;0;36;0;0
"Bleichsellerie Gemüsesaft";465;500;0;501;0;0;0;179;1001;0;0;143;465;0;143;179;0
"Zwetschge Konfitüre";63953;736;0;1585;0;0;0;0;2321;25;0;0;63953;0;0;0;0
"Hering frisch Fischzuschnitt";0;0;0;0;0;0;0;0;0;0;0;0;0;0;0;0;0
"Erbsen grün tiefgefroren gegart";4957;248;0;371;0;0;0;0;619;0;620;6199;4957;0;6199;0;0
"Milchreis (Zubereitung Gastronomie)";3827;1196;0;1078;0;3740;0;0;2274;0;47;15222;87;0;15222;0;0
"Reisbrot";935;49;0;50;0;0;13;0;99;0;182;45752;922;0;45752;0;0
"Weizenkeimöl";0;0;0;0;0;0;0;0;0;0;0;0;0;0;0;0;0
"Pinienkern";146;0;0;0;0;0;0;0;0;0;0;7154;146;0;7154;0;0
"Dattel frisch";65;31330;0;33605;0;0;0;0;64935;0;0;0;65;0;0;0;0
"Hirse Korn geschält roh";1450;0;0;0;0;0;0;0;0;712;688;60000;1450;0;60000;0;0
"Edelkastanien (Maronen) geröstet";12739;0;0;0;0;0;0;0;0;0;0;25021;12739;0;25021;0;0
"Tee grün (Getränk)";0;0;0;0;1;0;0;0;0;0;0;1;0;0;0;0;0
"Schlackwurst";19;278;0;273;0;0;0;0;551;0;8;9;19;0;9;0;0
"Brathähnchen Brustfilet gebraten (zubereitet ohne Fett)";0;0;0;0;0;0;0;0;0;0;0;0;0;0;0;0;0
"Graubrot-Roggenmischbrot mit Sonnenblumenkernen";2375;315;0;466;0;0;1813;0;781;105;73;39710;562;0;39710;0;0
"Wassermelone roh";2350;3917;0;2024;0;0;0;0;5941;0;0;0;2350;0;0;0;0
"Knäckebrot-Roggenmischbrot mit Leinsamen";3733;497;0;736;0;0;2862;0;1233;123;115;61841;871;0;61841;0;0
"Rind Niere frisch";0;0;0;0;900;0;0;0;0;0;0;900;0;0;0;0;0
"Porree frisch gegart";453;904;0;704;0;0;38;75;1608;805;377;0;415;0;0;75;0
"Kartoffeln ungeschält roh";312;156;0;234;0;0;0;0;390;0;0;14914;312;0;14914;0;0
"Haselnuss geröstet";5431;0;0;0;0;0;0;0;0;0;0;0;5431;0;0;0;0
"Dattel";65;31330;0;33605;0;0;0;0;64935;0;0;0;65;0;0;0;0
"Kümmelwurst Rohwurst";12;75;0;89;0;0;0;0;164;0;0;17;12;0;17;0;0
"Thüringer Rotwurst";22;24;0;38;120;0;0;0;62;0;25;120;22;0;0;0;0
"Mandeldrink ungesüßt";16,2;1,8;0;2;0;0;0;0;3,8;0;0;0;0;0;20;0;0
"Reis Kleie";46;46;0;46;0;0;0;0;92;0;0;45562;46;0;45562;0;0
"Kartoffelsuppe (Zubereitung Haushalt)";161;117;0;147;0;9;0;3;264;1;13;5885;152;0;5885;3;0
"Buchweizenvollkornbrot";340;43;0;560;0;0;0;0;603;0;170;41685;340;0;41685;0;0
"Burgunder Schinken in Aspik";0;24;0;38;113;0;0;0;62;0;0;147;0;0;34;0;0
"Sesam geröstet";185;0;0;0;0;0;0;0;0;0;0;9091;185;0;9091;0;0
"Zungenpreßkopf";596;125;0;152;277;0;0;0;277;0;15;326;596;0;49;0;0
"Preßköpfe";21;104;0;119;0;0;0;0;223;0;0;9;21;0;9;0;0
"Kasseler Kamm roh geräuchert";889;0;0;0;0;0;0;0;0;0;0;0;889;0;0;0;0
"Glühwein";13010;1155;0;585;0;0;0;0;1760;5;0;1;13010;0;1;0;0
"Walnussöl";0;0;0;0;0;0;0;0;0;0;0;0;0;0;0;0;0
"Kokosnuss Mehl";18000;0;0;0;0;0;0;0;0;0;1000;0;18000;0;1000;0;0
"Fladenbrote";885;50;0;52;0;0;13;0;102;30;196;46896;872;0;46896;0;0
"Graubrot mit Käse";2405;321;0;474;0;0;1844;0;795;80;74;39865;561;0;39865;0;0
"Schinkenpreßkopf";41;87;0;108;41;0;0;0;195;0;0;108;41;0;67;0;0
"Graubrot-Roggentoastbrot";4875;442;0;634;0;655;2319;0;1076;0;25;40086;1901;0;40086;0;0
"Hirse Flocken";1605;0;0;0;0;0;0;0;0;712;761;66394;1605;0;66394;0;0
"Frühstücksfleisch";17;107;0;128;0;0;0;0;235;0;0;11;17;0;11;0;0
"Moosbeere frisch";234;1833;0;1833;0;0;0;0;3666;0;0;0;234;0;0;0;0
"Saure Sahne 20 % Fett";3400;0;0;0;0;3400;0;0;0;0;0;0;0;0;0;0;0
"Olivenpastete";28;88;0;103;0;0;0;0;191;0;0;585;28;0;585;0;0
"Hühnerei Vollei frisch";0;0;0;700;0;0;0;0;700;0;0;0;0;0;0;0;0
"Cabanossi (Brühwurst)";15;113;0;131;60;0;0;0;244;0;0;72;15;0;12;0;0
"Gemüsepaprika rot";64;3744;256;2336;0;0;0;0;6336;0;0;0;64;0;0;0;0
"Lasagne al forno (Zubereitung Gastronomie)";885;113;0;157;298;715;0;2;270;4;56;6387;170;0;6089;2;0
"Straßburger Gänseleberwurst";108;111;0;139;2698;0;0;0;250;0;26;2705;108;0;7;0;0
"Joghurt teilentrahmt";3034;0;1025;41;0;3034;0;0;1066;0;0;0;0;0;0;0;0
"Garnele frisch";0;0;0;0;910;0;0;0;0;0;0;910;0;0;0;0;0
"Brühwurst";21;115;0;132;0;0;0;0;247;0;0;11;21;0;11;0;0
"Spitzpaprika rot";64;3744;256;2336;0;0;0;0;6336;0;0;0;64;0;0;0;0
"Zungenwurst hell";262;93;0;110;112;0;0;0;203;0;0;210;262;0;98;0;0
"Kaffee mit Kondensmilch und Zucker (Getränk)";2210;2;0;2;0;61;0;0;6;1;0;271;2149;0;0;0;0
"Rinderbierschinken";15;71;0;82;0;0;0;0;153;0;0;6;15;0;6;0;0
"Geflügelfleischkäse gekocht";61;156;0;164;0;0;0;0;320;0;0;8;61;0;8;0;0
"Hafer Vollkornflocken";772;0;0;0;0;0;60;0;0;0;598;58171;712;0;58171;0;0
"Zuckermelone - Honigmelone";9500;1300;0;1600;0;0;0;0;2900;0;0;0;9500;0;0;0;0
"Füllung für Spanferkel";220;252;0;314;806;0;0;0;566;0;39;5776;220;0;4970;0;0
"Getrüffelte Zungenpastete";70;48;0;81;137;29;0;268;129;5;29;7152;41;0;7015;268;0
"Gurke frisch";91;878;0;787;0;0;0;54;1665;0;0;0;91;0;0;54;0
"Casein";0;0;0;0;0;0;0;0;0;0;0;0;0;0;0;0;0
"Schwein Speck und Schinken";0;0;0;0;0;0;0;0;0;0;0;0;0;0;0;0;0
"Makrele geräuchert";0;0;0;0;0;0;0;0;0;0;0;0;0;0;0;0;0
"Zungenblutwurst";591;123;0;168;279;0;0;0;291;0;52;287;591;0;8;0;0
"Lupinenmehl";460;0;0;0;0;0;0;0;0;3530;575,1;0;500;0;10464,9;0;0
"Eiscreme";30658;0;0;0;0;3875;0;0;0;11;0;0;26783;0;0;0;0
"Wurst";10;91;0;109;0;0;0;0;203;0;0;10;10;0;10;0;0
"Pastinake roh";2560;256;0;245;0;0;0;0;501;630;1808;8990;2560;0;8990;0;0
"Olivenöl";4;0;0;0;0;0;0;0;0;0;0;196;4;0;196;0;0
"Schinken-Käsesülze";741;110;0;203;143;0;1;3;313;5;80;339;740;0;196;3;0
"Kartoffelstärke Mehl";0;0;0;0;0;0;0;0;0;0;0;83100;0;0;83100;0;0
"Mandeldrink gesüßt";2375,2;11,6;0;13,2;0;0;0;0;24,8;0,9;0;0;2400;0;0;0;0
"Füllung für Kalbsbrust";157;74;0;222;268;35;1;0;296;4;29;5593;121;0;5325;0;0
"Blattspinat gegart";191;95;0;119;0;0;0;0;214;0;0;72;191;0;72;0;0
"Erdbeere frisch";985;2281;0;2156;0;0;0;0;4454;0;0;0;985;33;0;61;28
"Tilsiter";0;0;0;0;0;0;0;0;0;0;0;0;0;0;0;0;0
"Wiener Schnitzel (Zubereitung Großküche)";1491;53;0;85;0;856;0;0;138;4;26;15640;635;0;15640;0;0
"Graupenblutwurst";482;142;0;168;179;0;159;0;310;0;105;15544;323;0;15365;0;0
"Schupfnudeln (Zubereitung Haushalt)";249;107;0;266;0;0;0;0;373;8;48;20939;249;0;20939;0;0
"Kasseler Rippenspeer roh geräuchert";889;0;0;0;0;0;0;0;0;0;0;0;889;0;0;0;0
"Limette Fruchtsaft";14193;561;0;561;0;0;0;0;1122;7;0;0;14193;0;0;0;0
"Blumenkohl gedämpft";212;930;0;989;0;0;0;0;1919;0;0;301;212;0;301;27;27
"Putenbrust gebraten, mit Soße (Zubereitung Großküche)";701;955;0;903;0;0;4;18;1858;54;120;50;697;0;50;18;0
"Preßsäckel";21;104;0;119;0;0;0;0;223;0;0;9;21;0;9;0;0
"Vollkornbrot-Roggenvollkornbrot";657;61;0;68;0;0;92;0;129;0;359;36427;565;0;36427;0;0
"Sauermilchkäse (Harzer) Magerstufe";0;0;0;0;0;0;0;0;0;0;0;0;0;0;0;0;0
"Mandel süß Mehl";4750;530;0;597;0;0;0;0;1127;0;0;0;4750;0;0;0;0
"Rettich weiß frisch";95;567;0;1228;0;0;0;0;1795;0;0;0;95;0;0;0;0
"Pute Brust frisch";0;0;0;0;0;0;0;0;0;0;0;0;0;0;0;0;0
"Zwiebeln";1550;1103;0;1348;0;0;0;0;2451;0;920;0;1550;0;0;0;0
"Grapefruit Fruchtsaft";4082;2052;0;2327;0;0;0;0;4379;1;0;0;4082;0;0;0;0
"Orange Fruchtsaft";4355;2359;0;2080;0;0;0;0;4439;1;0;0;4355;0;0;0;0
"Cabanossi Konserve";15;113;0;131;60;0;0;0;244;0;0;72;15;0;12;0;0
"Puffreis";84;84;0;84;0;0;0;0;168;0;0;83248;84;0;83248;0;0
"Kartoffeln ungeschält roh gegart mit Küchenabfall";240;120;0;179;0;0;0;0;299;0;0;11433;240;0;11433;0;0
"Blumenkohl gekocht";160;760;0;880;0;0;0;0;1640;0;0;230;160;0;230;22;22
"Walnuss europäisch";6890;0;0;0;0;0;0;0;0;0;0;3710;6890;0;3710;0;0
"Rind Herz frisch";0;0;0;0;600;0;0;0;0;0;0;600;0;0;0;0;0
"Sardelle Konserve";0;0;0;0;0;0;0;0;0;0;0;0;0;0;0;0;0
"Hühnerei Eiweiß frisch gegart";0;0;0;670;0;0;0;0;670;0;0;0;0;0;0;0;0
"Konfitüre, Marmelade mit Fruchtzucker für Diabetiker";146;18428;0;1823;0;0;0;0;20251;0;0;0;146;9111;0;9111;0
"Schinkentorte";1445;292;0;380;73;550;0;0;672;0;0;340;895;0;267;0;0
"Sülzwürste";131;84;0;102;49;0;0;0;186;0;0;60;131;0;11;0;0
"Wiener Würstchen Konserve";20;66;0;84;0;0;0;0;150;0;0;20;20;0;20;0;0
"Fenchelgemüse gedünstet (Zubereitung Haushalt)";401;1152;0;1353;0;26;0;0;2505;0;0;0;375;0;0;0;0
"Skyr";4300;0;0;0;0;4300;0;0;0;0;0;0;0;0;0;0;0
"Bierschinken-Pastete";512;7;0;12;0;30;0;0;19;5;29;7357;482;0;7357;0;0
"Parmesan";0;0;0;0;0;0;0;0;0;0;0;0;0;0;0;0;0
"Köhler tiefgefroren gegart";0;0;0;0;0;0;0;0;0;0;0;0;0;0;0;0;0
"Rotkohl frisch gegart";252;1284;0;931;0;0;0;0;2215;0;0;50;252;0;50;0;0
"Bierschinken, Schinkenpastete";12;60;0;70;0;0;0;0;130;0;0;5;12;0;5;0;0
"Brötchen-Weizenbrötchen";933;53;0;55;0;0;14;0;108;32;206;49404;919;0;49404;0;0
"Curry-Bratwurst";46;130;0;137;0;0;0;0;267;1;1;15;46;0;15;0;0
"Ricotta Vollfettstufe";500;0;0;0;0;500;0;0;0;0;0;0;0;0;0;0;0
"Rind Gulasch (mager) frisch gegart";0;0;0;0;0;0;0;0;0;0;0;0;0;0;0;0;0
"Fleischwurst, Stadtwurst";17;101;0;121;0;0;0;0;222;0;0;10;17;0;10;0;0
"Mettwurst grob";7;76;0;94;0;0;0;0;170;0;0;10;7;0;10;0;0
"Schwartenmagen";20;219;0;267;141;0;0;0;493;0;0;168;20;0;27;0;0
"Brötchen mit Milch";2563;52;0;53;0;1643;14;0;105;30;204;48757;906;0;48757;0;0
"Pute Truthahn gegart";0;0;0;0;0;0;0;0;0;0;0;0;0;0;0;0;0
"Frischkäse Doppelrahmstufe";2500;0;0;0;0;2500;0;0;0;0;0;0;0;0;0;0;0
"Edamer";0;0;0;0;0;0;0;0;0;0;0;0;0;0;0;0;0
"Seitan (braun)";375;127;0;115;0;0;0;0;242;35;39;7137;375;0;7137;0;0
"Bismarckhering Konserve, abgetropft";1851;151;0;240;0;0;0;0;391;0;123;836;1851;0;836;0;0
"Tatar (Schabefleisch) frisch";0;0;0;0;0;0;0;0;0;0;0;0;0;0;0;0;0
"Moosbeere";234;1833;0;1833;0;0;0;0;3666;0;0;0;234;0;0;0;0
"Pfälzer, Augsburger, Regensburger";15;113;0;131;60;0;0;0;244;0;0;72;15;0;12;0;0
"Weißer Fleischkäse";5;48;0;57;0;0;0;0;105;0;0;6;5;0;6;0;0
"Schwein Rücken (Kotelett) (mittelfett) frisch gegart";0;0;0;0;0;0;0;0;0;0;0;0;0;0;0;0;0
"Bratkartoffeln (Zubereitung Gastronomie)";303;158;0;230;0;35;0;0;388;0;0;12715;268;0;12715;0;0
"Xylit";0;0;0;0;0;0;0;0;0;0;0;0;0;0;0;99000;99000
"Suppenhuhn Klein frisch gegart";0;0;0;0;2784;0;0;0;0;0;0;2784;0;0;0;0;0
"Brötchen-Weizenmischbrötchen";1533;224;0;308;0;0;1028;0;532;192;180;45233;505;0;45233;0;0
"Pizza tonno (Zubereitung Gastronomie)";367;1067;0;987;0;0;0;0;2054;14;78;19411;367;0;19411;0;0
"Haferflocken";770;0;0;0;0;0;60;0;0;0;596;57992;710;0;57992;0;0
"Kondensmilch 10 % Fett";12500;0;0;0;0;2500;0;0;0;0;0;0;10000;0;0;0;0
"Mettwurst schnittfeste Gruppe";7;67;0;81;0;0;0;0;148;0;0;9;7;0;9;0;0
"Reisnudeln";333;83;0;83;0;0;0;0;166;0;333;82408;333;0;82408;0;0
"Kalbfleisch-Galantine";1;12;0;18;0;0;0;0;30;0;0;1;1;0;1;0;0
"Kabeljau frisch Fischzuschnitt";0;0;0;0;0;0;0;0;0;0;0;0;0;0;0;0;0
"Spätzle (Zubereitung Gastronomie)";86;21;0;149;0;0;0;0;170;15;86;21296;86;0;21296;0;0
"Wildbret-Galantine                     ";5;56;0;66;0;0;0;0;122;0;0;7;5;0;7;0;0
"Champignon Konserve gegart abgetropft";14;22;0;52;0;0;0;356;74;0;0;0;14;0;0;356;0
"Sprotte frisch";0;0;0;0;0;0;0;0;0;0;0;0;0;0;0;0;0
"Buchweizen Vollkorn";284;71;0;71;0;0;0;0;142;0;0;70574;284;0;70574;0;0
"Rührei (Zubereitung Haushalt)";982;0;0;565;0;982;0;0;565;0;0;0;0;0;0;0;0
